{"cameraMode":{"drawMode":0,"name":"Shaded","section":"Shading Mode"},"sceneLighting":false,"audioPlay":false,"sceneViewState":{"showFog":true,"showMaterialUpdate":false,"showSkybox":false,"showFlares":true,"showImageEffects":true,"showParticleSystems":true,"showVisualEffectGraphs":true,"m_FxEnabled":true},"in2DMode":false,"pivot":{"x":0.19499996304512025,"y":3.2790000438690187,"z":3.884000062942505},"rotation":{"x":0.15016312897205354,"y":0.8478713631629944,"z":-0.3267223536968231,"w":0.38967400789260867},"size":1.6212624311447144,"orthographic":false}