{"cameraMode":{"drawMode":0,"name":"Shaded","section":"Shading Mode"},"sceneLighting":true,"audioPlay":false,"sceneViewState":{"showFog":true,"showMaterialUpdate":false,"showSkybox":true,"showFlares":true,"showImageEffects":true,"showParticleSystems":true},"in2DMode":false,"pivot":{"x":0.2802734375,"y":0.02203369140625,"z":-0.8525390625},"rotation":{"x":0.15024162828922273,"y":-0.6200320720672607,"z":0.12239708751440048,"w":0.7604253888130188},"size":4.868911266326904,"orthographic":true}