{"cameraMode":{"drawMode":0,"name":"Shaded","section":"Shading Mode"},"sceneLighting":false,"audioPlay":false,"sceneViewState":{"showFog":true,"showMaterialUpdate":false,"showSkybox":false,"showFlares":true,"showImageEffects":true,"showParticleSystems":true},"in2DMode":false,"pivot":{"x":-0.14915725588798524,"y":1.035461187362671,"z":0.10241219401359558},"rotation":{"x":0.001437402213923633,"y":0.9952859282493591,"z":-0.09584223479032517,"w":0.014930346980690956},"size":0.16442477703094483,"orthographic":false}