{"cameraMode":{"drawMode":0,"name":"Shaded","section":"Shading Mode"},"sceneLighting":false,"audioPlay":false,"sceneViewState":{"showFog":true,"showMaterialUpdate":false,"showSkybox":false,"showFlares":true,"showImageEffects":true,"showParticleSystems":true},"in2DMode":false,"pivot":{"x":-0.11599999666213989,"y":0.6131500005722046,"z":0.16304999589920045},"rotation":{"x":0.005560085643082857,"y":0.989842414855957,"z":-0.136270672082901,"w":0.04040899500250816},"size":0.6519135236740112,"orthographic":false}