{"cameraMode":{"drawMode":0,"name":"Shaded","section":"Shading Mode"},"sceneLighting":true,"audioPlay":false,"sceneViewState":{"showFog":true,"showMaterialUpdate":false,"showSkybox":true,"showFlares":true,"showImageEffects":true,"showParticleSystems":true},"in2DMode":false,"pivot":{"x":2.4705593585968019,"y":3.1726529598236086,"z":3.0715994834899904},"rotation":{"x":-0.0850178599357605,"y":0.7171478867530823,"z":-0.08888544142246247,"w":-0.6859928369522095},"size":1.5267291069030762,"orthographic":false}