{"cameraMode":{"drawMode":0,"name":"Shaded","section":"Shading Mode"},"sceneLighting":false,"audioPlay":false,"sceneViewState":{"showFog":true,"showMaterialUpdate":false,"showSkybox":false,"showFlares":true,"showImageEffects":true,"showParticleSystems":true,"showVisualEffectGraphs":true,"m_FxEnabled":true},"in2DMode":false,"pivot":{"x":-0.0012607574462890626,"y":3.4340243339538576,"z":1.0564897060394288},"rotation":{"x":-0.0953010693192482,"y":0.7157379388809204,"z":-0.09963052719831467,"w":-0.6846429109573364},"size":2.2487802505493166,"orthographic":false}