{"cameraMode":{"drawMode":0,"name":"Shaded","section":"Shading Mode"},"sceneLighting":true,"audioPlay":false,"sceneViewState":{"showFog":true,"showMaterialUpdate":false,"showSkybox":true,"showFlares":true,"showImageEffects":true,"showParticleSystems":true,"showVisualEffectGraphs":true,"m_FxEnabled":true},"in2DMode":false,"pivot":{"x":0.12595203518867494,"y":0.05198805406689644,"z":-1.20235276222229},"rotation":{"x":0.1984095722436905,"y":-0.44634169340133669,"z":0.10208509117364884,"w":0.8667394518852234},"size":1.7956117391586304,"orthographic":true}